Relative_x,Smoothed_lq6,Std_lq6
-2.000000000000000000e+01,2.247563580361725544e-01,1.245800780897925869e-01
-1.989999999999999858e+01,2.247687223972311688e-01,1.257382285336874628e-01
-1.979999999999999716e+01,2.247835425506033435e-01,1.254553881431103857e-01
-1.969999999999999574e+01,2.248009928219821818e-01,1.263367970392155204e-01
-1.959999999999999432e+01,2.248211621690368311e-01,1.251405049459036467e-01
-1.949999999999999289e+01,2.248440341706903212e-01,1.282962978577191215e-01
-1.939999999999999147e+01,2.248694766403696588e-01,1.272999389395725600e-01
-1.929999999999999005e+01,2.248972426443153483e-01,1.250124213464687273e-01
-1.919999999999998863e+01,2.249269834988540384e-01,1.255508796453275455e-01
-1.909999999999998721e+01,2.249582730436795464e-01,1.270190218544270944e-01
-1.899999999999998579e+01,2.249906412656976773e-01,1.271037424832726637e-01
-1.889999999999998437e+01,2.250236142895111480e-01,1.264171248411530279e-01
-1.879999999999998295e+01,2.250567569468072404e-01,1.262896252400510511e-01
-1.869999999999998153e+01,2.250897136586048897e-01,1.248965034877943941e-01
-1.859999999999998010e+01,2.251222432620365865e-01,1.269922993691158797e-01
-1.849999999999997868e+01,2.251542437169351540e-01,1.255453598256693337e-01
-1.839999999999997726e+01,2.251857633428766270e-01,1.261511323270426421e-01
-1.829999999999997584e+01,2.252169963420491139e-01,1.239925510395079311e-01
-1.819999999999997442e+01,2.252482618000834214e-01,1.270791524687315821e-01
-1.809999999999997300e+01,2.252799670278766153e-01,1.248702232347980445e-01
-1.799999999999997158e+01,2.253125578713442712e-01,1.258281793864743925e-01
-1.789999999999997016e+01,2.253464602919814930e-01,1.244856830300003908e-01
-1.779999999999996874e+01,2.253820189004707986e-01,1.248544588170361902e-01
-1.769999999999996732e+01,2.254194389948940280e-01,1.251582354423480536e-01
-1.759999999999996589e+01,2.254587388282678351e-01,1.252738022094011250e-01
-1.749999999999996447e+01,2.254997181863156175e-01,1.249817293745622421e-01
-1.739999999999996305e+01,2.255419478769189467e-01,1.225882714961639142e-01
-1.729999999999996163e+01,2.255847825260089701e-01,1.267831419103003232e-01
-1.719999999999996021e+01,2.256273963819137029e-01,1.251830591843890450e-01
-1.709999999999995879e+01,2.256688390029279456e-01,1.271134639248550080e-01
-1.699999999999995737e+01,2.257081051537880301e-01,1.255475161570786535e-01
-1.689999999999995595e+01,2.257442113695036778e-01,1.252254142282910876e-01
-1.679999999999995453e+01,2.257762707776271860e-01,1.259268306084764255e-01
-1.669999999999995310e+01,2.258035580680941290e-01,1.243267900997139658e-01
-1.659999999999995168e+01,2.258255579371811206e-01,1.255339085159704604e-01
-1.649999999999995026e+01,2.258419926883960260e-01,1.262942989388756432e-01
-1.639999999999994884e+01,2.258528275706915278e-01,1.243276325635659652e-01
-1.629999999999994742e+01,2.258582554062621428e-01,1.238385407591765380e-01
-1.619999999999994600e+01,2.258586646354723282e-01,1.241014407186896706e-01
-1.609999999999994458e+01,2.258545966934800420e-01,1.265657763564430327e-01
-1.599999999999994316e+01,2.258466993858735672e-01,1.260063878883456445e-01
-1.589999999999994174e+01,2.258356825850703908e-01,1.245836621881677847e-01
-1.579999999999994031e+01,2.258222812463149820e-01,1.253216346938408055e-01
-1.569999999999993889e+01,2.258072287186082550e-01,1.252610023847932352e-01
-1.559999999999993747e+01,2.257912409813666033e-01,1.244402019693041511e-01
-1.549999999999993605e+01,2.257750101872979254e-01,1.232293088267423786e-01
-1.539999999999993463e+01,2.257592041180713216e-01,1.259210170499810710e-01
-1.529999999999993321e+01,2.257444671500466737e-01,1.242673729904050228e-01
-1.519999999999993179e+01,2.257314182336248864e-01,1.238702780482050653e-01
-1.509999999999993037e+01,2.257206422042086769e-01,1.256966468494628286e-01
-1.499999999999992895e+01,2.257126723046310457e-01,1.273321249521758847e-01
-1.489999999999992752e+01,2.257079638231821728e-01,1.265235636445856682e-01
-1.479999999999992610e+01,2.257068608786696740e-01,1.242354132587021320e-01
-1.469999999999992468e+01,2.257095602415873925e-01,1.247214054314347981e-01
-1.459999999999992326e+01,2.257160773462677239e-01,1.246291533261043583e-01
-1.449999999999992184e+01,2.257262201040759197e-01,1.252018410579190666e-01
-1.439999999999992042e+01,2.257395756918777197e-01,1.256568933496015339e-01
-1.429999999999991900e+01,2.257555142297616169e-01,1.262065832985097558e-01
-1.419999999999991758e+01,2.257732113739773783e-01,1.268908512109456210e-01
-1.409999999999991616e+01,2.257916896225690695e-01,1.267482929417148019e-01
-1.399999999999991473e+01,2.258098758877669088e-01,1.248342590115584239e-01
-1.389999999999991331e+01,2.258266709390636950e-01,1.262333435105673085e-01
-1.379999999999991189e+01,2.258410249078381393e-01,1.261181930595418887e-01
-1.369999999999991047e+01,2.258520123162966742e-01,1.241349973403664264e-01
-1.359999999999990905e+01,2.258589000920187273e-01,1.248307331565295664e-01
-1.349999999999990763e+01,2.258612026984793131e-01,1.247135985411198383e-01
-1.339999999999990621e+01,2.258587197227130416e-01,1.250886368187670294e-01
-1.329999999999990479e+01,2.258515528437418651e-01,1.239335677357198545e-01
-1.319999999999990337e+01,2.258401008798583132e-01,1.252649839886347816e-01
-1.309999999999990195e+01,2.258250334142782867e-01,1.239283252614128139e-01
-1.299999999999990052e+01,2.258072451893110566e-01,1.237999865129364579e-01
-1.289999999999989910e+01,2.257877949305352461e-01,1.250783895910883292e-01
-1.279999999999989768e+01,2.257678334298022227e-01,1.246530347454029020e-01
-1.269999999999989626e+01,2.257485265105676209e-01,1.253170348222072128e-01
-1.259999999999989484e+01,2.257309788645026072e-01,1.269775925223872726e-01
-1.249999999999989342e+01,2.257161646427312263e-01,1.240804362918621201e-01
-1.239999999999989200e+01,2.257048700906754413e-01,1.257004943059810975e-01
-1.229999999999989058e+01,2.256976524520430405e-01,1.245551885449334290e-01
-1.219999999999988916e+01,2.256948179033332613e-01,1.258133478617000367e-01
-1.209999999999988773e+01,2.256964195372917759e-01,1.255038195576412274e-01
-1.199999999999988631e+01,2.257022745609443826e-01,1.245904644323767435e-01
-1.189999999999988489e+01,2.257119981102932438e-01,1.250957135736933956e-01
-1.179999999999988347e+01,2.257250496116532112e-01,1.260768138512983472e-01
-1.169999999999988205e+01,2.257407866144561515e-01,1.249660062730355015e-01
-1.159999999999988063e+01,2.257585206016989865e-01,1.262813048569877694e-01
-1.149999999999987921e+01,2.257775694951379697e-01,1.262034696737502626e-01
-1.139999999999987779e+01,2.257973023698184312e-01,1.235484436002106806e-01
-1.129999999999987637e+01,2.258171731528201276e-01,1.256929962151148161e-01
-1.119999999999987494e+01,2.258367416183155729e-01,1.248706185702006671e-01
-1.109999999999987352e+01,2.258556815872467260e-01,1.263341494694895373e-01
-1.099999999999987210e+01,2.258737776810350040e-01,1.263108526563992140e-01
-1.089999999999987068e+01,2.258909130893798634e-01,1.272393259315069414e-01
-1.079999999999986926e+01,2.259070514832018373e-01,1.272209501182424152e-01
-1.069999999999986784e+01,2.259222164051938320e-01,1.244513779963090649e-01
-1.059999999999986642e+01,2.259364712484699944e-01,1.247855423796402213e-01
-1.049999999999986500e+01,2.259499023915833571e-01,1.261896153226819972e-01
-1.039999999999986358e+01,2.259626073260368462e-01,1.255793748370525320e-01
-1.029999999999986215e+01,2.259746888154431366e-01,1.269230302049699499e-01
-1.019999999999986073e+01,2.259862553574704669e-01,1.259356598012808526e-01
-1.009999999999985931e+01,2.259974275302378266e-01,1.235807650253239742e-01
-9.999999999999857891e+00,2.260083492026569996e-01,1.276087005336598579e-01
-9.899999999999856470e+00,2.260192020595131468e-01,1.266282573498724862e-01
-9.799999999999855049e+00,2.260302214259043152e-01,1.255587740777598660e-01
-9.699999999999853628e+00,2.260417109882868480e-01,1.244313024533984929e-01
-9.599999999999852207e+00,2.260540537580221776e-01,1.235152871505792449e-01
-9.499999999999850786e+00,2.260677166016740736e-01,1.252617677472196156e-01
-9.399999999999849365e+00,2.260832459787754378e-01,1.264703588396892397e-01
-9.299999999999847944e+00,2.261012532684378296e-01,1.259133000635601352e-01
-9.199999999999846523e+00,2.261223892543688108e-01,1.267743842996826853e-01
-9.099999999999845102e+00,2.261473089014334747e-01,1.242681416912751885e-01
-8.999999999999843681e+00,2.261766293154625074e-01,1.227464941500557988e-01
-8.899999999999842260e+00,2.262108854578802897e-01,1.256969583230114762e-01
-8.799999999999840838e+00,2.262504894633717845e-01,1.248778156912697668e-01
-8.699999999999839417e+00,2.262956999714105522e-01,1.281173177670378860e-01
-8.599999999999837996e+00,2.263466075048790049e-01,1.256962709416128976e-01
-8.499999999999836575e+00,2.264031405326064894e-01,1.260757281793521978e-01
-8.399999999999835154e+00,2.264650945423412332e-01,1.265439145188581582e-01
-8.299999999999833733e+00,2.265321835157688424e-01,1.267086251959384513e-01
-8.199999999999832312e+00,2.266041100707024969e-01,1.260890911497118960e-01
-8.099999999999830891e+00,2.266806477221081084e-01,1.241164696208548884e-01
-7.999999999999829470e+00,2.267617266953713129e-01,1.259157846535594039e-01
-7.899999999999828049e+00,2.268475138700413174e-01,1.265792211998938432e-01
-7.799999999999826628e+00,2.269384779192291091e-01,1.283474157016888939e-01
-7.699999999999825206e+00,2.270354324920434153e-01,1.255696840252002178e-01
-7.599999999999823785e+00,2.271395530957351638e-01,1.267227019303460434e-01
-7.499999999999822364e+00,2.272523667303102124e-01,1.263613756191018789e-01
-7.399999999999820943e+00,2.273757167785885880e-01,1.241938795976457316e-01
-7.299999999999819522e+00,2.275117086304851988e-01,1.276327766108799333e-01
-7.199999999999818101e+00,2.276626435901623058e-01,1.251010211300110364e-01
-7.099999999999816680e+00,2.278309495160757148e-01,1.252394992355469194e-01
-6.999999999999815259e+00,2.280191163225706585e-01,1.255762051427440351e-01
-6.899999999999813838e+00,2.282296430820038857e-01,1.249198127560337546e-01
-6.799999999999812417e+00,2.284650013347840070e-01,1.270487029222871211e-01
-6.699999999999810996e+00,2.287276167722270825e-01,1.258914839614558856e-01
-6.599999999999809575e+00,2.290198691545949905e-01,1.285739762100634453e-01
-6.499999999999808153e+00,2.293441085461570272e-01,1.254684003003557202e-01
-6.399999999999806732e+00,2.297026849288660855e-01,1.273736732470728827e-01
-6.299999999999805311e+00,2.300979880446883674e-01,1.247745342685346870e-01
-6.199999999999803890e+00,2.305324947653300260e-01,1.281016733340661351e-01
-6.099999999999802469e+00,2.310088220902464795e-01,1.294497759580119367e-01
-5.999999999999801048e+00,2.315297846400380111e-01,1.276658354585026023e-01
-5.899999999999799627e+00,2.320984558728032554e-01,1.266266055484173980e-01
-5.799999999999798206e+00,2.327182319581753700e-01,1.295177765950889237e-01
-5.699999999999796785e+00,2.333928962544513652e-01,1.258016606410982119e-01
-5.599999999999795364e+00,2.341266808466584137e-01,1.276905798757156096e-01
-5.499999999999793943e+00,2.349243200373366258e-01,1.303488956254387210e-01
-5.399999999999792522e+00,2.357910895975945942e-01,1.286811774864773106e-01
-5.299999999999791100e+00,2.367328255540680770e-01,1.274990988854833307e-01
-5.199999999999789679e+00,2.377559177298231297e-01,1.312558787965038276e-01
-5.099999999999788258e+00,2.388672762924575754e-01,1.318549047858786072e-01
-4.999999999999786837e+00,2.400742738934844300e-01,1.320203062413593253e-01
-4.899999999999785416e+00,2.413846708643243855e-01,1.310796401379441811e-01
-4.799999999999783995e+00,2.428065352522736919e-01,1.333451565517909665e-01
-4.699999999999782574e+00,2.443481719547747344e-01,1.334913387080857161e-01
-4.599999999999781153e+00,2.460180747002267965e-01,1.363927932511820873e-01
-4.499999999999779732e+00,2.478249104739015662e-01,1.366760724403187632e-01
-4.399999999999778311e+00,2.497775383375794300e-01,1.352521520420245371e-01
-4.299999999999776890e+00,2.518850545372121608e-01,1.346855040933147563e-01
-4.199999999999775468e+00,2.541568453289499430e-01,1.389911465254180245e-01
-4.099999999999774047e+00,2.566026206652521346e-01,1.392331297885858743e-01
-3.999999999999772626e+00,2.592323984226750921e-01,1.431493758744734057e-01
-3.899999999999771205e+00,2.620564122993002676e-01,1.481825830271386313e-01
-3.799999999999769784e+00,2.650849277279680449e-01,1.510209399950486753e-01
-3.699999999999768363e+00,2.683279682989994641e-01,1.511918976022954553e-01
-3.599999999999766942e+00,2.717949774924248163e-01,1.575811894499993815e-01
-3.499999999999765521e+00,2.754944624664144581e-01,1.561546519447470360e-01
-3.399999999999764100e+00,2.794336826382422534e-01,1.586485290010441751e-01
-3.299999999999762679e+00,2.836184503192080153e-01,1.589365140246768726e-01
-3.199999999999761258e+00,2.880530998201530912e-01,1.545512093670103060e-01
-3.099999999999759837e+00,2.927406544248165043e-01,1.589758671750664820e-01
-2.999999999999758415e+00,2.976831807012949027e-01,1.580766285708326280e-01
-2.899999999999756994e+00,3.028822740850319883e-01,1.621793512505609880e-01
-2.799999999999755573e+00,3.083395785867950600e-01,1.670011067685141515e-01
-2.699999999999754152e+00,3.140572174445432352e-01,1.737593720439092881e-01
-2.599999999999752731e+00,3.200380090614631801e-01,1.816373220804976263e-01
-2.499999999999751310e+00,3.262853678940375590e-01,1.824158338520606160e-01
-2.399999999999749889e+00,3.328028417782354920e-01,1.894307769155889887e-01
-2.299999999999748468e+00,3.395933084729750862e-01,1.901003152991167788e-01
-2.199999999999747047e+00,3.466579328727280584e-01,1.922451750784266722e-01
-2.099999999999745626e+00,3.539950567035319851e-01,1.931479403253948679e-01
-1.999999999999744205e+00,3.615992375532124381e-01,1.951739154442022062e-01
-1.899999999999742784e+00,3.694606587957794397e-01,1.950252419210230237e-01
-1.799999999999741362e+00,3.775650876179456605e-01,1.968256059671635860e-01
-1.699999999999739941e+00,3.858944666733381545e-01,2.016662436021167126e-01
-1.599999999999738520e+00,3.944281003950074749e-01,2.018478073217589985e-01
-1.499999999999737099e+00,4.031442655557549437e-01,2.054096319843866369e-01
-1.399999999999735678e+00,4.120219686313782437e-01,2.071033415006282297e-01
-1.299999999999734257e+00,4.210425179258951434e-01,2.097409403660934479e-01
-1.199999999999732836e+00,4.301905925116732976e-01,2.095340771878876907e-01
-1.099999999999731415e+00,4.394545726205227321e-01,2.139466840242356394e-01
-9.999999999997299938e-01,4.488260312689171805e-01,2.130725297335283042e-01
-8.999999999997285727e-01,4.582984480213462275e-01,2.128653347374162008e-01
-7.999999999997271516e-01,4.678653622122935229e-01,2.114153999093997816e-01
-6.999999999997257305e-01,4.775183054108327885e-01,2.112193180457870856e-01
-5.999999999997243094e-01,4.872449172636295622e-01,2.138322311114685403e-01
-4.999999999997228883e-01,4.970276388409929358e-01,2.118064218835830348e-01
-3.999999999997214672e-01,5.068432882256950212e-01,2.160853896782339301e-01
-2.999999999997200462e-01,5.166636643596184131e-01,2.126222324249677775e-01
-1.999999999997186251e-01,5.264571242774572779e-01,2.158632999869081748e-01
-9.999999999971720399e-02,5.361908774050303528e-01,2.097259390497692999e-01
2.842170943040400743e-13,5.458335854529042797e-01,2.049718144456832425e-01
1.000000000002856382e-01,5.553577862047751612e-01,2.062099210268943661e-01
2.000000000002870593e-01,5.647416920112259264e-01,2.024257369364896031e-01
3.000000000002884804e-01,5.739700404220081653e-01,1.945211030456732160e-01
4.000000000002899014e-01,5.830338638198155898e-01,1.917814471523203723e-01
5.000000000002913225e-01,5.919292540721746709e-01,1.935551585860512680e-01
6.000000000002927436e-01,6.006553846535075403e-01,1.902242254183357240e-01
7.000000000002941647e-01,6.092121834266610580e-01,1.865022058991320786e-01
8.000000000002955858e-01,6.175981042710684266e-01,1.905448955280930889e-01
9.000000000002970069e-01,6.258084178259453179e-01,1.888812223905795840e-01
1.000000000000298428e+00,6.338343358821968421e-01,1.887907373604974237e-01
1.100000000000299849e+00,6.416631181653540406e-01,1.875499204817839549e-01
1.200000000000301270e+00,6.492791148427271564e-01,1.803084384912763960e-01
1.300000000000302691e+00,6.566655128896274896e-01,1.753687168885272318e-01
1.400000000000304112e+00,6.638064203308311484e-01,1.676538813096047909e-01
1.500000000000305533e+00,6.706888695646496812e-01,1.640730844460512317e-01
1.600000000000306954e+00,6.773043590610549058e-01,1.560156491059540851e-01
1.700000000000308376e+00,6.836496675429625247e-01,1.551276717765259772e-01
1.800000000000309797e+00,6.897268340881641535e-01,1.491996630656479139e-01
1.900000000000311218e+00,6.955423626604412268e-01,1.447699947977549306e-01
2.000000000000312639e+00,7.011058467094805069e-01,1.458781714003700991e-01
2.100000000000314060e+00,7.064282970224274871e-01,1.412674479945645045e-01
2.200000000000315481e+00,7.115204853784570238e-01,1.400343043923625019e-01
2.300000000000316902e+00,7.163915895021584213e-01,1.431169879045074700e-01
2.400000000000318323e+00,7.210483502614259965e-01,1.407951974104444948e-01
2.500000000000319744e+00,7.254948444887656667e-01,1.366236802607854184e-01
2.600000000000321165e+00,7.297328556933468935e-01,1.372213978241837440e-01
2.700000000000322586e+00,7.337627132426641774e-01,1.313876665539374655e-01
2.800000000000324007e+00,7.375843907804557897e-01,1.228506641767270618e-01
2.900000000000325429e+00,7.411986226686558821e-01,1.169005906112609294e-01
3.000000000000326850e+00,7.446078172946477558e-01,1.113925427001827562e-01
3.100000000000328271e+00,7.478166091302728136e-01,1.093832822151794559e-01
3.200000000000329692e+00,7.508319786385917460e-01,1.091599249976061975e-01
3.300000000000331113e+00,7.536629586189117491e-01,1.104631945570169332e-01
3.400000000000332534e+00,7.563200190927229505e-01,1.084546725633918629e-01
3.500000000000333955e+00,7.588142694932050736e-01,1.094593737112436321e-01
3.600000000000335376e+00,7.611566334440558190e-01,1.062019275622569231e-01
3.700000000000336797e+00,7.633571400047716171e-01,1.074108910921593441e-01
3.800000000000338218e+00,7.654244412603692371e-01,1.061332438594376065e-01
3.900000000000339639e+00,7.673656167181207577e-01,1.056188552962447347e-01
4.000000000000341061e+00,7.691862688401662762e-01,1.058880418507281013e-01
4.100000000000342482e+00,7.708908610827442942e-01,1.021943975318512776e-01
4.200000000000343903e+00,7.724832097992486712e-01,1.009214007504835448e-01
4.300000000000345324e+00,7.739670216063754271e-01,9.637123377584805306e-02
4.400000000000346745e+00,7.753463708788395081e-01,9.394896152220583163e-02
4.500000000000348166e+00,7.766260349042931610e-01,9.182839545009971460e-02
4.600000000000349587e+00,7.778116395287747453e-01,8.984270801971376563e-02
4.700000000000351008e+00,7.789096068986566257e-01,8.990860613981853378e-02
4.800000000000352429e+00,7.799269314465663294e-01,9.205468193298603496e-02
4.900000000000353850e+00,7.808708357371866304e-01,9.409387517341515073e-02
5.000000000000355271e+00,7.817483722455829120e-01,9.577651857113292366e-02
5.100000000000356692e+00,7.825660405469321290e-01,9.609944461677064065e-02
5.200000000000358114e+00,7.833294825597311162e-01,9.697617882300779701e-02
5.300000000000359535e+00,7.840433026706680186e-01,9.577522895962871374e-02
5.400000000000360956e+00,7.847110368329016650e-01,9.300720961618447191e-02
5.500000000000362377e+00,7.853352684131292838e-01,9.392645807139410330e-02
5.600000000000363798e+00,7.859178632545896770e-01,8.936837454230642241e-02
5.700000000000365219e+00,7.864602770299223833e-01,8.759297269808338782e-02
5.800000000000366640e+00,7.869638782293713053e-01,8.774363767415670201e-02
5.900000000000368061e+00,7.874302314224465027e-01,8.854361474063451865e-02
6.000000000000369482e+00,7.878612964162964305e-01,8.555052123560762112e-02
6.100000000000370903e+00,7.882595163715739872e-01,8.415014677373268415e-02
6.200000000000372324e+00,7.886277879861628426e-01,8.734106607929244259e-02
6.300000000000373745e+00,7.889693261850161399e-01,8.741800878019005683e-02
6.400000000000375167e+00,7.892874519510630904e-01,9.021451794912717370e-02
6.500000000000376588e+00,7.895853433122519416e-01,9.547810351058709510e-02
6.600000000000378009e+00,7.898657947253510114e-01,9.335245336959262230e-02
6.700000000000379430e+00,7.901310281251952006e-01,9.130859441269674470e-02
6.800000000000380851e+00,7.903825894256115703e-01,9.181858952675871210e-02
6.900000000000382272e+00,7.906213483345149173e-01,9.012523844334627277e-02
7.000000000000383693e+00,7.908475997568885640e-01,8.912540516494164844e-02
7.100000000000385114e+00,7.910612458602078734e-01,8.667605540500152028e-02
7.200000000000386535e+00,7.912620232567220135e-01,8.516957642262065753e-02
7.300000000000387956e+00,7.914497327074550004e-01,8.383188684559363113e-02
7.400000000000389377e+00,7.916244302288626411e-01,8.351308239863984573e-02
7.500000000000390799e+00,7.917865474234082601e-01,8.519086440170592356e-02
7.600000000000392220e+00,7.919369228961421481e-01,8.440388154315635327e-02
7.700000000000393641e+00,7.920767429832418216e-01,8.642247111503488510e-02
7.800000000000395062e+00,7.922074060905314186e-01,8.885409021225454396e-02
7.900000000000396483e+00,7.923303384078200784e-01,9.175163429900931589e-02
8.000000000000397904e+00,7.924467975514123408e-01,9.085677689519941480e-02
8.100000000000399325e+00,7.925577030522238386e-01,9.390631090438786299e-02
8.200000000000400746e+00,7.926635275969432515e-01,9.111672724556048319e-02
8.300000000000402167e+00,7.927642709989823899e-01,9.010003605186314712e-02
8.400000000000403588e+00,7.928595222297590839e-01,8.851750360198516743e-02
8.500000000000405009e+00,7.929485971049455850e-01,8.492176660167234659e-02
8.600000000000406430e+00,7.930307244191615590e-01,8.696263603796108854e-02
8.700000000000407852e+00,7.931052446174471360e-01,8.435859856122646105e-02
8.800000000000409273e+00,7.931717838978604718e-01,8.332939960871396656e-02
8.900000000000410694e+00,7.932303725048472920e-01,8.508669166860757804e-02
9.000000000000412115e+00,7.932814871270152945e-01,8.376825711135348074e-02
9.100000000000413536e+00,7.933260114318431144e-01,8.448125017095811651e-02
9.200000000000414957e+00,7.933651235118692746e-01,8.787569209423411187e-02
9.300000000000416378e+00,7.934001321803498818e-01,9.024923296240869308e-02
9.400000000000417799e+00,7.934322935378806951e-01,9.078706547442927377e-02
9.500000000000419220e+00,7.934626431451898831e-01,8.935979268539391562e-02
9.600000000000420641e+00,7.934918762407628945e-01,9.159975011991518257e-02
9.700000000000422062e+00,7.935202987762179916e-01,9.059371592922113581e-02
9.800000000000423483e+00,7.935478573426663074e-01,8.823070501072048655e-02
9.900000000000424905e+00,7.935742395501759194e-01,8.707937338686354278e-02
1.000000000000042633e+01,7.935990219288422409e-01,8.729178324633012076e-02
1.010000000000042775e+01,7.936218331873834408e-01,8.404035132099155203e-02
1.020000000000042917e+01,7.936424984335747057e-01,8.277919293346513996e-02
1.030000000000043059e+01,7.936611347070086087e-01,8.367266104153921191e-02
1.040000000000043201e+01,7.936781784820386987e-01,8.377226515849860167e-02
1.050000000000043343e+01,7.936943394905586757e-01,8.659450951334483892e-02
1.060000000000043485e+01,7.937104898513914764e-01,8.815759162998673681e-02
1.070000000000043627e+01,7.937275106019511250e-01,8.895421210192835937e-02
1.080000000000043769e+01,7.937461269086741877e-01,8.981355954790058715e-02
1.090000000000043912e+01,7.937667664285524838e-01,9.167879454294743102e-02
1.100000000000044054e+01,7.937894713336590691e-01,8.951492368358011931e-02
1.110000000000044196e+01,7.938138837344078658e-01,8.905914242527340763e-02
1.120000000000044338e+01,7.938393087853079511e-01,8.522314239905705302e-02
1.130000000000044480e+01,7.938648431802689531e-01,8.720374033711943140e-02
1.140000000000044622e+01,7.938895429724993624e-01,8.454872669970217580e-02
1.150000000000044764e+01,7.939125967681508467e-01,8.354941243464295009e-02
1.160000000000044906e+01,7.939334697439960342e-01,8.456898562751606618e-02
1.170000000000045048e+01,7.939519902352155656e-01,8.364484804265999440e-02
1.180000000000045191e+01,7.939683621376391054e-01,8.427052909227945865e-02
1.190000000000045333e+01,7.939831007503479476e-01,8.767683442789993287e-02
1.200000000000045475e+01,7.939969044780648133e-01,8.616771744570418667e-02
1.210000000000045617e+01,7.940104875693313469e-01,9.048835567704252569e-02
1.220000000000045759e+01,7.940244074462127211e-01,9.211216925578986914e-02
1.230000000000045901e+01,7.940389222362705945e-01,9.172907765477676667e-02
1.240000000000046043e+01,7.940539088591377359e-01,8.908105730300196201e-02
1.250000000000046185e+01,7.940688600384934182e-01,8.926283239066148956e-02
1.260000000000046327e+01,7.940829623027507722e-01,8.703830611588486699e-02
1.270000000000046469e+01,7.940952401249966597e-01,8.746012606807183898e-02
1.280000000000046612e+01,7.941047377780590111e-01,8.468712679881904015e-02
1.290000000000046754e+01,7.941107031825486162e-01,8.244273670890139849e-02
1.300000000000046896e+01,7.941127381778875227e-01,8.191603412168843579e-02
1.310000000000047038e+01,7.941108866467055938e-01,8.506025713227126361e-02
1.320000000000047180e+01,7.941056439590032934e-01,8.539738616260970916e-02
1.330000000000047322e+01,7.940978859355803943e-01,8.650200517062475725e-02
1.340000000000047464e+01,7.940887305276529418e-01,8.862735453210783543e-02
1.350000000000047606e+01,7.940793582611969104e-01,8.651148398200320111e-02
1.360000000000047748e+01,7.940708258640333250e-01,9.208839949630499844e-02
1.370000000000047891e+01,7.940639094059430692e-01,9.217541930304792852e-02
1.380000000000048033e+01,7.940590077280904602e-01,8.993753355298192420e-02
1.390000000000048175e+01,7.940561245368954468e-01,8.870082876570685448e-02
1.400000000000048317e+01,7.940549307795036205e-01,8.648309090657577136e-02
1.410000000000048459e+01,7.940548916685490344e-01,8.770406338440436822e-02
1.420000000000048601e+01,7.940554290790705627e-01,8.456331765467721417e-02
1.430000000000048743e+01,7.940560830580801754e-01,8.288393448782828410e-02
1.440000000000048885e+01,7.940566370895244530e-01,8.444027073527808624e-02
1.450000000000049027e+01,7.940571798946667315e-01,8.310892887466261869e-02
1.460000000000049170e+01,7.940580899369681367e-01,8.514881697806205019e-02
1.470000000000049312e+01,7.940599448028314855e-01,8.557654075626895673e-02
1.480000000000049454e+01,7.940633734070540184e-01,8.884464357153198932e-02
1.490000000000049596e+01,7.940688817027302671e-01,9.215586894010914520e-02
1.500000000000049738e+01,7.940766896553246301e-01,9.249872815631574041e-02
1.510000000000049880e+01,7.940866167412684584e-01,9.098596376187335910e-02
1.520000000000050022e+01,7.940980445838839996e-01,9.204826789519666985e-02
1.530000000000050164e+01,7.941099699142344370e-01,8.783818010227023576e-02
1.540000000000050306e+01,7.941211421386387137e-01,8.760654710733502271e-02
1.550000000000050449e+01,7.941302618136454328e-01,8.454238953324566541e-02
1.560000000000050591e+01,7.941362034239548562e-01,8.286803316289882704e-02
1.570000000000050733e+01,7.941382206657306986e-01,8.265780263233396541e-02
1.580000000000050875e+01,7.941360955154179724e-01,8.452701903307864584e-02
1.590000000000051017e+01,7.941302024764728129e-01,8.689803508297266887e-02
1.600000000000051159e+01,7.941214742902321655e-01,8.473376689024132713e-02
1.610000000000051301e+01,7.941112725213332890e-01,8.608121447515157398e-02
1.620000000000051443e+01,7.941011832467110843e-01,8.710665484641916256e-02
1.630000000000051585e+01,7.940927720406263379e-01,8.990749417096824403e-02
1.640000000000051728e+01,7.940873409926800797e-01,9.235076895198578162e-02
1.650000000000051870e+01,7.940857314246558829e-01,9.365324187377155329e-02
1.660000000000052012e+01,7.940882082458992075e-01,9.145642994619684885e-02
1.670000000000052154e+01,7.940944464248012036e-01,8.919504544498171872e-02
1.680000000000052296e+01,7.941036199592470535e-01,8.893833546371242293e-02
1.690000000000052438e+01,7.941145735902228608e-01,8.588491350875170072e-02
1.700000000000052580e+01,7.941260419698016326e-01,8.486376601473419323e-02
1.710000000000052722e+01,7.941368733091298537e-01,8.328747825112828296e-02
1.720000000000052864e+01,7.941462157178413861e-01,8.227672862680937560e-02
1.730000000000053006e+01,7.941536334391213758e-01,8.413415629270208640e-02
1.740000000000053149e+01,7.941591346052430112e-01,8.422463140611613497e-02
1.750000000000053291e+01,7.941631091444151247e-01,8.573391708322231075e-02
1.760000000000053433e+01,7.941661922574592136e-01,8.840687106530079054e-02
1.770000000000053575e+01,7.941690828087781817e-01,9.442497982784824051e-02
1.780000000000053717e+01,7.941723546035672765e-01,9.297654369131855279e-02
1.790000000000053859e+01,7.941762999252101052e-01,9.106849868626279432e-02
1.800000000000054001e+01,7.941808380875734485e-01,9.150069737886622201e-02
1.810000000000054143e+01,7.941855080786358601e-01,8.913867699073138584e-02
1.820000000000054285e+01,7.941895464939436877e-01,8.765204289718414588e-02
1.830000000000054428e+01,7.941920339928344452e-01,8.484519341183263674e-02
1.840000000000054570e+01,7.941920795841519443e-01,8.474518678454741327e-02
1.850000000000054712e+01,7.941890050415895130e-01,8.320582954791509722e-02
1.860000000000054854e+01,7.941824926232411430e-01,8.309769311836767702e-02
1.870000000000054996e+01,7.941726671861428777e-01,8.237786314400576126e-02
1.880000000000055138e+01,7.941600967506211584e-01,8.619043442595732130e-02
1.890000000000055280e+01,7.941457111193533924e-01,8.725479055546735141e-02
1.900000000000055422e+01,7.941306537388159725e-01,8.861419951409973961e-02
1.910000000000055564e+01,7.941160950508587835e-01,9.145800576034317231e-02
1.920000000000055707e+01,7.941030436529618042e-01,9.305264208423766337e-02
1.930000000000055849e+01,7.940921926706442369e-01,9.150622600239757820e-02
1.940000000000055991e+01,7.940838320052694410e-01,8.802835340760815919e-02
1.950000000000056133e+01,7.940778435137568758e-01,8.959887627573724644e-02
1.960000000000056275e+01,7.940737785753455569e-01,8.843229070626855426e-02
1.970000000000056417e+01,7.940710000106991906e-01,8.548383248101490417e-02
1.980000000000056559e+01,7.940688570278727765e-01,8.456518815387878418e-02
1.990000000000056701e+01,7.940668556046447391e-01,8.432140905486938676e-02
2.000000000000056843e+01,7.940647883921976291e-01,8.355547932841207726e-02
